{
  "roc_auc": 0.9651682380803432,
  "accuracy": 0.9566666666666667,
  "precision": 0.9625,
  "recall": 0.9565217391304348,
  "f1": 0.9595015576323987,
  "classification_report": {
    "0": {
      "precision": 0.95,
      "recall": 0.9568345323741008,
      "f1-score": 0.953405017921147,
      "support": 139.0
    },
    "1": {
      "precision": 0.9625,
      "recall": 0.9565217391304348,
      "f1-score": 0.9595015576323987,
      "support": 161.0
    },
    "accuracy": 0.9566666666666667,
    "macro avg": {
      "precision": 0.95625,
      "recall": 0.9566781357522678,
      "f1-score": 0.9564532877767729,
      "support": 300.0
    },
    "weighted avg": {
      "precision": 0.9567083333333333,
      "recall": 0.9566666666666667,
      "f1-score": 0.9566768275661854,
      "support": 300.0
    }
  },
  "confusion_matrix": [
    [
      133,
      6
    ],
    [
      7,
      154
    ]
  ],
  "method": "cascade"
}