{
  "roc_auc": 0.9932972876357299,
  "accuracy": 0.9633333333333334,
  "precision": 0.9807692307692307,
  "recall": 0.9503105590062112,
  "f1": 0.9652996845425867,
  "classification_report": {
    "0": {
      "precision": 0.9444444444444444,
      "recall": 0.9784172661870504,
      "f1-score": 0.9611307420494699,
      "support": 139.0
    },
    "1": {
      "precision": 0.9807692307692307,
      "recall": 0.9503105590062112,
      "f1-score": 0.9652996845425867,
      "support": 161.0
    },
    "accuracy": 0.9633333333333334,
    "macro avg": {
      "precision": 0.9626068376068375,
      "recall": 0.9643639125966308,
      "f1-score": 0.9632152132960283,
      "support": 300.0
    },
    "weighted avg": {
      "precision": 0.9639387464387463,
      "recall": 0.9633333333333334,
      "f1-score": 0.9633680745207759,
      "support": 300.0
    }
  },
  "confusion_matrix": [
    [
      136,
      3
    ],
    [
      8,
      153
    ]
  ],
  "method": "ensemble"
}