{
  "roc_auc": 0.9704186960990213,
  "accuracy": 0.9033333333333333,
  "precision": 0.9177215189873418,
  "recall": 0.9006211180124224,
  "f1": 0.9090909090909091,
  "classification_report": {
    "0": {
      "precision": 0.8873239436619719,
      "recall": 0.9064748201438849,
      "f1-score": 0.896797153024911,
      "support": 139.0
    },
    "1": {
      "precision": 0.9177215189873418,
      "recall": 0.9006211180124224,
      "f1-score": 0.9090909090909091,
      "support": 161.0
    },
    "accuracy": 0.9033333333333333,
    "macro avg": {
      "precision": 0.9025227313246569,
      "recall": 0.9035479690781536,
      "f1-score": 0.90294403105791,
      "support": 300.0
    },
    "weighted avg": {
      "precision": 0.903637309086587,
      "recall": 0.9033333333333333,
      "f1-score": 0.9033948021136632,
      "support": 300.0
    }
  },
  "confusion_matrix": [
    [
      126,
      13
    ],
    [
      16,
      145
    ]
  ]
}