{
  "roc_auc": 0.9440100093837973,
  "accuracy": 0.8733333333333333,
  "classification_report": {
    "0": {
      "precision": 0.904,
      "recall": 0.8129496402877698,
      "f1-score": 0.8560606060606061,
      "support": 139.0
    },
    "1": {
      "precision": 0.8514285714285714,
      "recall": 0.9254658385093167,
      "f1-score": 0.8869047619047619,
      "support": 161.0
    },
    "accuracy": 0.8733333333333333,
    "macro avg": {
      "precision": 0.8777142857142857,
      "recall": 0.8692077393985433,
      "f1-score": 0.8714826839826839,
      "support": 300.0
    },
    "weighted avg": {
      "precision": 0.8757866666666666,
      "recall": 0.8733333333333333,
      "f1-score": 0.8726136363636363,
      "support": 300.0
    }
  },
  "confusion_matrix": [
    [
      113,
      26
    ],
    [
      12,
      149
    ]
  ]
}