{
  "roc_auc": 0.9461101925912686,
  "accuracy": 0.8566666666666667,
  "classification_report": {
    "0": {
      "precision": 0.8692307692307693,
      "recall": 0.8129496402877698,
      "f1-score": 0.8401486988847584,
      "support": 139.0
    },
    "1": {
      "precision": 0.8470588235294118,
      "recall": 0.8944099378881988,
      "f1-score": 0.8700906344410876,
      "support": 161.0
    },
    "accuracy": 0.8566666666666667,
    "macro avg": {
      "precision": 0.8581447963800906,
      "recall": 0.8536797890879844,
      "f1-score": 0.855119666662923,
      "support": 300.0
    },
    "weighted avg": {
      "precision": 0.8573318250377074,
      "recall": 0.8566666666666667,
      "f1-score": 0.8562175376333218,
      "support": 300.0
    }
  },
  "confusion_matrix": [
    [
      113,
      26
    ],
    [
      17,
      144
    ]
  ]
}