{
  "roc_auc": 0.9740381607757272,
  "accuracy": 0.93,
  "precision": 0.9320987654320988,
  "recall": 0.937888198757764,
  "f1": 0.934984520123839,
  "classification_report": {
    "0": {
      "precision": 0.927536231884058,
      "recall": 0.920863309352518,
      "f1-score": 0.924187725631769,
      "support": 139.0
    },
    "1": {
      "precision": 0.9320987654320988,
      "recall": 0.937888198757764,
      "f1-score": 0.934984520123839,
      "support": 161.0
    },
    "accuracy": 0.93,
    "macro avg": {
      "precision": 0.9298174986580784,
      "recall": 0.9293757540551411,
      "f1-score": 0.929586122877804,
      "support": 300.0
    },
    "weighted avg": {
      "precision": 0.9299847915548398,
      "recall": 0.93,
      "f1-score": 0.9299820053425132,
      "support": 300.0
    }
  },
  "confusion_matrix": [
    [
      128,
      11
    ],
    [
      10,
      151
    ]
  ],
  "best_params": {
    "clf__C": 10.0,
    "clf__class_weight": "balanced"
  },
  "best_cv_score": 0.9426332806669834
}