{
  "roc_auc": 0.9714017605791143,
  "accuracy": 0.9033333333333333,
  "precision": 0.9125,
  "recall": 0.906832298136646,
  "f1": 0.9096573208722741,
  "classification_report": {
    "0": {
      "precision": 0.8928571428571429,
      "recall": 0.8992805755395683,
      "f1-score": 0.8960573476702509,
      "support": 139.0
    },
    "1": {
      "precision": 0.9125,
      "recall": 0.906832298136646,
      "f1-score": 0.9096573208722741,
      "support": 161.0
    },
    "accuracy": 0.9033333333333333,
    "macro avg": {
      "precision": 0.9026785714285714,
      "recall": 0.9030564368381071,
      "f1-score": 0.9028573342712625,
      "support": 300.0
    },
    "weighted avg": {
      "precision": 0.9033988095238095,
      "recall": 0.9033333333333333,
      "f1-score": 0.9033559999553366,
      "support": 300.0
    }
  },
  "confusion_matrix": [
    [
      125,
      14
    ],
    [
      15,
      146
    ]
  ],
  "best_params": {
    "clf__C": 5.0,
    "clf__class_weight": null,
    "tfidf__max_df": 0.95,
    "tfidf__min_df": 2,
    "tfidf__ngram_range": [
      1,
      2
    ],
    "tfidf__sublinear_tf": true
  },
  "best_cv_score": 0.9335425704202956
}