{
  "roc_auc": 0.975289333750391,
  "accuracy": 0.9133333333333333,
  "precision": 0.9041916167664671,
  "recall": 0.937888198757764,
  "f1": 0.9207317073170732,
  "classification_report": {
    "0": {
      "precision": 0.924812030075188,
      "recall": 0.8848920863309353,
      "f1-score": 0.9044117647058824,
      "support": 139.0
    },
    "1": {
      "precision": 0.9041916167664671,
      "recall": 0.937888198757764,
      "f1-score": 0.9207317073170732,
      "support": 161.0
    },
    "accuracy": 0.9133333333333333,
    "macro avg": {
      "precision": 0.9145018234208275,
      "recall": 0.9113901425443496,
      "f1-score": 0.9125717360114778,
      "support": 300.0
    },
    "weighted avg": {
      "precision": 0.9137457415995076,
      "recall": 0.9133333333333333,
      "f1-score": 0.9131701339072216,
      "support": 300.0
    }
  },
  "confusion_matrix": [
    [
      123,
      16
    ],
    [
      10,
      151
    ]
  ],
  "best_params": {
    "clf__C": 10.0,
    "clf__class_weight": null
  },
  "best_cv_score": 0.9352899102513021
}