{
  "n_samples": 300,
  "accuracy": 0.9233333333333333,
  "roc_auc": 0.9480986639260021,
  "confusion_matrix": [
    [
      127,
      12
    ],
    [
      11,
      150
    ]
  ],
  "model_id": "meta-llama/Llama-3.3-70B-Instruct"
}