{
  "n_samples": 300,
  "accuracy": 0.9166666666666666,
  "roc_auc": 0.9518074981008982,
  "confusion_matrix": [
    [
      128,
      11
    ],
    [
      14,
      147
    ]
  ],
  "model_id": "meta-llama/Llama-3.3-70B-Instruct"
}