{
  "logistic_regression_optimized": {
    "roc_auc": 0.9714017605791143,
    "accuracy": 0.9033333333333333,
    "precision": 0.9125,
    "recall": 0.906832298136646,
    "f1": 0.9096573208722741
  },
  "logistic_regression_hybrid": {
    "roc_auc": 0.9740381607757272,
    "accuracy": 0.93,
    "precision": 0.9320987654320988,
    "recall": 0.937888198757764,
    "f1": 0.934984520123839
  },
  "linear_svm": {
    "roc_auc": 0.9704186960990213,
    "accuracy": 0.9033333333333333,
    "precision": 0.9177215189873418,
    "recall": 0.9006211180124224,
    "f1": 0.9090909090909091
  },
  "random_forest_svd": {
    "roc_auc": 0.9655480584476517,
    "accuracy": 0.9066666666666666,
    "precision": 0.88,
    "recall": 0.9565217391304348,
    "f1": 0.9166666666666666
  }
}