{
  "logistic_regression_optimized": {
    "roc_auc": 0.9468698333258858,
    "accuracy": 0.8666666666666667
  },
  "logistic_regression_hybrid": {
    "roc_auc": 0.954600294919344,
    "accuracy": 0.89
  },
  "linear_svm": {
    "roc_auc": 0.9440100093837973,
    "accuracy": 0.8733333333333333
  }
}