{
  "logistic_regression_optimized": {
    "roc_auc": 0.9714017605791143,
    "accuracy": 0.9033333333333333
  },
  "logistic_regression_hybrid": {
    "roc_auc": 0.9751105947540104,
    "accuracy": 0.92
  },
  "linear_svm": {
    "roc_auc": 0.9704186960990213,
    "accuracy": 0.9033333333333333
  }
}